Theme,Common Jargon / Brands,Context & Meaning,Typical Lyric Motif
Category,Common Themes / Specific Terms,Cultural Significance,
Luxury Horology,"Rolex, AP (Audemars Piguet), Patek Philippe, Richard Mille, Cartier (""Cartis"").","Signals a transition from ""street rich"" to ""wealthy."" A ""Bust Down"" vs. a ""Plain Jane.""",
"The ""Hustle""","The Trap, The Kitchen, ""Water"" (diamonds or high purity), ""Weight"" (bulk product).",References to the drug trade as a survival mechanism or a foundation for wealth.,
Digital Finance,"Swipe, Method, Bin, CashApp, Bitcoin, ""The Dark Web,"" VPN.","""Scam Rap"" motifs; the evolution of the street hustle into digital white-collar crime.",
High Fashion,"Rick Owens, Maison Margiela, Chrome Hearts, Celine, Saint Laurent.","Moving beyond ""mall brands"" to avant-garde and high-couture ""drip.""",
Footwear,"Jordan 1s, Yeezys, ""Red Bottoms"" (Christian Louboutin), Bape Stas.","Sneaker culture is the backbone of rap fashion; ""Red Bottoms"" usually refers to heels for women.",
"The ""Ops"" & Conflict","Opps (Opposition), ""Drilling,"" ""Spinning the block,"" ""Smoke"" (conflict).",The reality of neighborhood rivalries and the dangers of fame.,
Legal & Prison,"Indictment, RICO act, ""The Feds,"" Lawyer fees, ""Going up top.""",The constant threat of the legal system; often used to highlight the stakes of the lifestyle.,
Geography,"Area codes (313, 212, 404), ""The 6"" (Toronto), ""The Town,"" ""The A.""","Local pride and establishing ""territory"" or ""home court advantage.""",
Vice & Substances,"Wockhardt/Lean (Purple Drank), ""Gas/Zaza"" (high-grade weed), Percocet, ""Addy.""","Often used to discuss escapism, addiction, or the partying lifestyle.",
Loyalty & Betrayal,"Snitching, ""Ratting,"" ""Day ones,"" ""Day hunnids,"" ""Circle small.""",The moral code of the streets; the difficulty of knowing who to trust after getting rich.,
Sports References,"""Shooting like Curry,"" ""Ballin' like Kobe,"" ""Moving like a GM,"" ""Draft day.""",Comparing success in the music industry to the physical prowess and wealth of pro athletes.,
Dining & Lifestyle,"Nobu, Catch, Carbone, ""Private Chefs,"" Flying Private (PJ).","The ""fine dining"" phase of a rapper’s career; moving from fast food to world-class cuisine.",
Weaponry,"Glock, Draco, ""Stick,"" ""Pole,"" ""30-round clip,"" ""Laser.""","Used as metaphors for protection or aggression within the ""Drill"" subgenre.",
Real Estate,"Penthouse, Gated Community, ""The Hills,"" ""Buying the block back.""","Represents the final stage of success: leaving the ""hood"" and investing in property.",
Tricking / Providing,"""Trickin' off,"" ""Sponsorship,"" ""Pay the rent,"" ""Bagging her,"" ""Allowance.""","Spending large sums on a partner's bills, hair, nails, or luxury gifts to secure their company.",
Cosmetic Surgery,"""BBL"" (Brazilian Butt Lift), ""Turks & Caicos"" (surgery recovery spot), ""New body,"" ""Doctor Shopping.""",Paying for a partner’s physical enhancements is a common status symbol in modern lyrics.,
Luxury Accessories,"Birkin Bag (Hermès), Kelly Bag, Chanel, ""Red Bottoms"" (Louboutin), ""Chinchilla.""","These specific items are often the ""currency"" used in tricking or gifting.",
"The ""Simp"" vs. ""Pimp""","""Captain Save-a-Hoe,"" ""Simpin',"" ""Pimpin' ain't easy,"" ""Main squeeze"" vs. ""Side piece.""","The internal debate in rap: being a provider (often mocked) versus being a ""player"" (celebrated).",
Travel & Logistics,"""G5"" (Gulfstream jet), ""First Class,"" ""Passport stamps,"" ""Exotic locations,"" ""Villas.""","Moving a woman or the ""squad"" across the world; ""PJ"" (Private Jet) culture is the peak of this theme.",
High-End Retail,"Saks Fifth Avenue, Neiman Marcus (""Nee-mees""), Barneys, Rodeo Drive.","Where the ""tricking"" actually happens; references to ""running up a tab"" for someone else.",
Hospitality / Clubs,"""Bottle Service,"" ""Section,"" ""Rain on 'em,"" ""Making it rain,"" ""Starlets"" (NYC club).",Spending thousands on alcohol and dancers in a single night to show dominance in the room.,
"The ""Glow Up""","""Transformation,"" ""Used to have nothing,"" ""Now we on,"" ""Upgrade.""",Discussing how the rapper (or their partner) looks and lives significantly better than before the fame.,
Discretion,"""NDA,"" ""No cameras,"" ""Keep it low,"" ""Deleted the footage.""","A sub-theme regarding the privacy required when living a high-stakes or ""tricking"" lifestyle.",
,,,Typical Lyric Motif
Tricking,Paying for access or attention; often transactional.,"Someone the rapper just met or a ""video vixen.""","""I don't even know her name, I just bought the bag."""
Spoiling,"Rewarding loyalty or ""holding it down"" during the struggle.","The ""Day One"" partner or ""Main Chick.""","""She was with me in the gym, now she in the Birkin store."""
Finessing,Extracting resources through charm or deception.,"The ""Mark"" or the ""Trick"" (the person paying).","""I told him I need rent, but I went and bought some 'ccent (accent) jewelry."""
Sponsorship,Long-term financial backing in exchange for a lifestyle.,"An ""Instagram Model"" or socialite.","""Monthly allowance,"" ""Signed the lease in my name."""
Agenda Category,The Core Objective,Key Themes & Lyrics,Common Jargon / Specifics
The Industry Agenda,Questioning the authenticity of an artist’s rise to fame.,"""Industry Plants,"" ""Selling your soul,"" rigged awards (Grammys).","""Owned my masters,"" 360 Deals, ""The Label,"" Clout chasing."
The Social/Political Ada,"Critiquing or exposing the ""unseen"" forces in society.","Systemic oppression, ""The Matrix,"" Government surveillance.","""The 1%,"" Big Pharma, ""New World Order,"" Illuminati."
The Male Agenda,"Asserting dominance, detachment, and ""High Value"" status.","Financial dominance over women, emotional coldness, ""City Boys Up.""","""High Value Man,"" ""Rotation,"" ""Humble her,"" ""Freebandz lifestyle."""
The Female Agenda,"Prioritizing self-gain, ""leveling up,"" and financial extraction.","""City Girls,"" Manifestation, using men for resources, independence.","""Level up,"" ""BBL,"" ""Scamming,"" ""Secure the bag,"" ""High maintenance."""
The Spiritual/Esoteric Ada,"Seeking enlightenment and battling ""negative energy.""","Opening the ""Third Eye,"" Ancestral protection, Spiritual warfare.","""Vibrations,"" ""Frequency,"" ""Ego death,"" ""The Alchemist,"" ""Aura."""
The Conspiracy Ada,Believing in hidden hand behind world events.,"Population control, ""Digital Dollars,"" escaping the system.","""Red pill,"" ""Glitch in the Matrix,"" ""Sheep,"" ""The Puppet Masters."""
,,,
,,,
,,,
The Corporate Ada,Labels vs. Independent Artists,"Masters, 360 Deal, Advance, Equity, ""Slave Contract.""",
The Street Ada,"Maintaining ""Realness""","Paperwork, Snitching, ""Civilians,"" ""Smacked,"" ""Taxing.""",
The Relationship Ada,Toxic Masculinity / Empowerment,"""City Boys Up,"" ""BBL Drizzy,"" ""High Value,"" ""Low Vibrational.""",
The Wealth Ada,Generational Wealth,"Trust funds, Portfolios, Land ownership, ""Generational Run.""",
,,,
Philosophy,"Detachment: ""She belongs to the streets."" Feelings are a weakness; money is the only constant.","Finesse: ""He’s a trick."" Using beauty and charm to extract resources from ""tricks.""",
Financials,"Gatekeeping: Using wealth to control access or ""upgrade"" a woman's life to keep her loyal.","Manifestation: ""Leveling up"" via a ""Sponsor"" or ""Sugar Daddy"" to fund a luxury lifestyle.",
"The ""Flex""","Quantity: Having ""rotations"" of women across different area codes.","The ""Bag"": Showing off the Birkin, the jewelry, or the BBL paid for by a man.",
Jargon,"""Toxic,"" ""Low vibrational,"" ""High value,"" ""Rotation,"" ""Free the guys.""","""P*ssy Power,"" ""Scamming a scammer,"" ""Delusional,"" ""Princess treatment.""",
"The ""Method""","A specific step-by-step guide on how to commit a fraud (e.g., the ""Amazon Method"").",,
"The ""Swipe"":","Using stolen credit card data (stored on a ""Fullz"") to buy luxury goods.",,
BIN (Bank Identification Number),Logs: Username and password combinations for bank accounts or retail sites.,,
VPN / Tor:,"Used to hide the scammer's IP address while browsing the ""Dark Web.""",,
Burners:,"Laptops or phones used once for a ""hit"" and then destroyed.",,
Mule,A person used to receive a package or transfer money so the scammer stays anonymous.,,
"Robin Hood"" behavior","stealing from ""Big Banks"" or corporations rather than individuals.",,
Theme,Common Specifics to Add,,
Toxic Lyrics,"Gaslighting, ""Double Standards,"" Breadcrumbing, ""Toxic King.""",,
Scam Terms,"CashApp, Bitcoin, Telegram groups, ""Dumping,"" ""Clone cards.""",,
Industry Plant,"""Labels in the shadows,"" ""Fake streams,"" ""A&R manufacturing,"" ""Nepo.""",,
Paranoia & Surveillance,,"Once a rapper becomes successful, the world-building shifts from ""chasing money"" to ""protecting it."" This creates a recurring theme of hyper-vigilance.",
"The ""Snake"" in the Grass","The idea that your closest friends or ""Day Ones"" will betray you for money.",,
"The ""FEDs"" & RICO","World-building around the government watching your every move. Lyrics focus on ""wiretaps,"" ""informants,"" and ""the sting operation.""",,
"The ""Privacy"" Flex:","Mentions of ""Blacked-out windows,"" ""Private entries,"" ""NDAs,"" and ""Gated communities."" It’s a status symbol to be unreachable.",,
"The ""Generational Wealth & Legacy""","Modern rap has moved from ""spending it all"" to ""owning it all."" This is the ""CEO Agenda.""",,
"The ""Family Office""","Mentions of buying land for their mother, setting up trust funds for children, and hiring their friends as ""consultants"" rather than just giving them cash.",,
Equity vs. Cash:,"Moving away from ""jewelry"" and toward ""stocks,"" ""REITs"" (Real Estate Investment Trusts), and ""Owning the Masters.""",,
"The ""Mogul"" Blueprint","Referencing Jay-Z, Dr. Dre, or P. Diddy as the ""Godfathers"" of this transition from artist to billionaire.",,
"The ""Esoteric & Spiritual Warfare""","This adds a supernatural or philosophical layer to the world-building, common in both ""conscious"" and ""dark"" rap.",,
"Selling the Soul""","The recurring motif of the ""Devil at the crossroads."" It’s used to explain sudden fame or the feeling of losing one's identity to the industry.",,
"The ""Evil Eye"" (Nazar):","A theme prevalent in UK and NYC Drill/Grime—the idea that others' jealousy is a literal curse or ""negative energy"" that can cause your downfall.",,
"The ""Matrix"" Breakout:","The idea that the world is a simulation or a trap (debt, taxes, 9-to-5s) and rap is the only way to ""glitch"" out of it.",,
"The ""Geographic Mythology"" Theme","Rappers build worlds around their specific territory, turning neighborhoods into legendary, almost ""fictional"" sounding realms.",,
"""The Trenches"":",A universal term for the most dangerous parts of any city.,,
"The ""Block"" vs. The ""Penthouse"":",The physical journey from the concrete of the city to the glass of the high-rise.,,
"The ""Hub""","Every city has its ""Mecca"" (e.g., Magic City in Atlanta, Starlets in NYC, The 6 in Toronto). These locations are treated like sacred ground in the lyrics.",,
,,,
Survivalism,"Making it out ""against all odds.""","""The Concrete Jungle,"" ""Survival of the fittest,"" ""Apex predator.""",
The Judicial System,"The constant battle with ""The State.""","""Public Defender,"" ""RICO,"" ""Co-defendant,"" ""No-Knock warrant.""",
Hyper-Consumerism,Using objects to fill emotional voids.,"""Retail Therapy,"" ""Shopping to forget,"" ""Diamonds for the pain.""",
Monarchy / Royalty,Positioning the rapper as a King or God.,"""The Throne,"" ""Kingdom,"" ""Prince of the City,"" ""Crown.""",
Escapism,"Using drugs, travel, or sex to flee reality.","""G5 flights,"" ""Zaza clouds,"" ""Island hopping,"" ""Numbing the pain.""",
"The ""Code of Silence""",The moral foundation of the underground.,"""Omertà,"" ""No paperwork,"" ""Taking it to the grave,"" ""Solid.""",
(The Agenda) of Industry Power,"There is a specific ""Ada"" regarding how power is distributed in the music world that rappers often build their lyrics around:",,
"The ""Shadow"" Agenda:","The belief that ""Secret Societies"" or a ""Cabal"" of executives decide who wins. This leads to lyrics about ""the 1%,"" ""gatekeepers,"" and ""vultures"" (people who profit off the culture without being part of it).",,
"The ""Independent"" Agenda:","The glorification of the ""Independent Grind."" Artists like Nipsey Hussle or Russ built their world around ""Direct-to-Consumer"" sales and skipping the ""middleman.""",,
Paranoia and Surveillance,"ransform a rapper’s environment from a playground into a chessboard. It is the transition from ""having it all"" to ""realizing everyone wants to take it."" This mythology is built on the idea that the ""Eye"" (the Government, the Envious, or the Industry) is always watching.",,
"The Surveillance State (The ""FED"" Narrative)",It treats the government as an omnipresent antagonist,,
"The ""Van"" Motif","The classic imagery of a plain white van or a ""tinted SUV"" parked down the block. It’s the visual shorthand for a wiretap or a stakeout.",,
"The ""RICO"" Shadow","In modern rap (especially after the Young Thug/YSL case), the RICO Act is the ultimate boogeyman. It represents the government’s ability to turn a ""crew"" into a ""criminal enterprise.""",,
"The ""Blue & White"" vs. ""Undercover"":","The distinction between ""12"" (standard police) and ""The Feds"" or ""Task Force."" The former is a nuisance; the latter is a career-ender.",,
Digital Footprints:,"Lyrics about ""switching SIM cards,"" ""staying off the 'Gram,"" and ""encrypted chats"" (Telegram/Signal). This builds a world where a single Instagram post is a self-incriminating piece of evidence.",,
"The ""Snake"" Mythology (Internal Paranoia)","If the Feds are the external threat, the ""Snake"" is the internal one. This theme focuses on the psychological toll of not knowing who to trust.",,
"The ""Judas"" Archetype:","The friend who has been there since day one but is secretly working with the ""Opps"" or the ""State.""",,
"""Keep Your Circle Small""","This isn't just a catchy phrase; it’s a survival strategy. World-building lyrics often describe the rapper ""cutting people off"" or ""staying in the house"" to avoid betrayal.",,
"The ""Dinner Table"" Test:","A recurring motif where the rapper looks around a table of his ""friends"" and wonders who would ""fold"" (confess) under pressure.",,
"The ""Evil Eye"" & Envy (The Esoteric Threat)","In many rap cultures (specifically UK Drill and Caribbean-influenced rap), paranoia takes a spiritual turn through the ""Evil Eye"" or ""Juju.""",,
"Watching My Plate""",A common metaphor for people who are obsessed with the rapper's success and are waiting for them to fail.,,
Vibrations & Energy:,"The idea that ""negative energy"" can literally manifest as bad luck, a car crash, or a failed deal.",,
Protective Charms:,"Wearing certain jewelry (like the ""Eye of Fatima"" or ""Hamsa"") not just for fashion, but as a spiritual ""bulletproof vest"" against jealousy.",,
,,,
"""The Sky""","Police Helicopters (""Ghetto Birds"").","Establishes the feeling of being ""hunted"" from above.",
"""Paperwork""",Official court documents/transcripts.,"Used to prove someone is an informant (""snitch"").",
"""Wire"" / ""Bug""",Hidden microphones.,"Creates a world where even ""pillow talk"" is dangerous.",
"""Stains""","People who are easy to rob or ""set up.""",Highlights the constant threat of being a target.,
"""Blacked Out""",Limo tint on windows/all-black clothing.,"The visual of wanting to be ""invisible"" while in public.",
"""Safe House""","A secondary, secret residence.","Shows the need for a ""fallback"" position if things go wrong.",
"The ""Matrix"" & The Simulation","A newer ""Ada"" (Agenda) in paranoia world-building is the idea that the entire system is a Simulation designed to keep people ""asleep.""",,
"The Truman Show"" Effect","Rappers describing the feeling that their life is a curated show for the masses, and they are being watched by an audience that wants to see them crash.",,
"""Free Your Mind""","Lyrics about escaping the ""mental plantation"" of debt, social media addiction, and 9-to-5 labor.",,
"The ""Glitch"":","When a rapper sees something ""off"" in the industry (like a sudden death or a weird contract), they describe it as a glitch in the Matrix.",,
"The ""Main"" / ""First Lady","The woman who was there before the fame. She represents ""Loyalty"" and ""Realness."" She is the one the rapper ""buys the house"" for.",,
"The ""Instagram Model"" / ""Vixen"":","A woman with a massive social media following. To the rapper, she is a ""Trophy."" Being seen with her is a ""flex"" that proves his ""High Value"" status.",,
"The ""Fine China"":","A woman who is ""delicate"" and ""expensive."" This archetype focuses on high-end fashion, ""clean"" aesthetics, and a lifestyle that requires constant financial maintenance (the ""Princess Treatment"").",,
"The ""City Girl"" / ""Scammer"":","A woman who is just as ""toxic"" as the rapper. She is idolized for her ability to ""finesse"" men and her emotional detachment.",,
,,,
"""Soft Launch""",Posting a photo where only the man's watch or hand is visible.,"Creating ""mystery"" around who is ""sponsoring"" the lifestyle.",
"""The Archives""","Old photos of a woman before she had ""work"" (surgery) done.","Used by rivals to suggest a woman’s beauty isn't ""organic.""",
"""Fiy"" / ""Baddie""",General term for a high-level attractive woman.,"The baseline requirement for being in the rapper's ""rotation.""",
"""Active""","A woman who is frequently out at the ""hot spots"" (clubs/restaurants).","Can be a compliment (socialite) or a red flag (not ""wifey"" material).",
"""Viewed the Story""",A rapper noticing a woman’s Instagram story.,"The modern ""first move"" in the courtship narrative.",
"""Verified""",Having the Blue Checkmark.,"In this world, a Blue Check is seen as a ""social credit score"" that makes someone more ""reachable.""",
"The ""Roster"" / ""Rotation""","The idea that a man should never have just one woman. He has a ""bench"" of women he can call at any time.",,
"""Spinning Back"":","Returning to an ex-partner only for physical reasons, never emotional ones.",,
"Sending the Jet / Uber XL""","The hierarchy of transportation. Sending a ""Private Jet"" is the ultimate ""Tricking"" flex; sending an ""Uber"" is a sign of low effort or ""treating her like a local.""",,
"""Buying a New Body""","The ultimate ""Mogul"" move. A rapper will rap about paying for a woman's BBL (Brazilian Butt Lift), teeth (Veneers), or hair as a way of ""claiming"" her or ""upgrading"" his environment.",,
"The ""Toxic"" Dynamic: ""City Boys"" vs. ""City Girls""","It’s a game of Emotional Chicken—whoever catches feelings first, loses.",,
"The ""Low Maintenance"" Myth:","Rappers often claim they want a ""simple girl,"" but their lyrics only celebrate women in Hermès and Cartier. This creates a ""Double Standard"" theme.",,
"""Protecting the Brand"":","A rapper might idolize a woman because she is ""quiet"" or ""private"" (no ""leaks,"" no ""clout-chasing""). In a world of Paranoia, a woman who can keep a secret is the highest form of idolization.",,
"The ""Muse""","Like Kanye West or Travis Scott, some rappers treat women as ""Art Projects,"" styling them in specific clothes and ""rebranding"" them to fit their current aesthetic.",,
,,,
"""Queen-ing"": Buying land, public praise, ""Hold it down.""","""Disposability"": ""Next one up,"" ""She for the streets.""","""The Contract"": Allowances, NDAs, ""Pay for play.""",
Symbol: The Wedding Ring / The Home.,"Symbol: The ""Block"" / The Delete Button.",Symbol: The Birkin Bag / The CashApp.,
"The ""Proof of Life"" (The Status Grid)","In rap, if it wasn't posted, it didn't happen. This creates a theme of performative wealth.",,
"Photo Dumps""","A curated slide of 10 images that looks ""random"" but is actually a calculated display of power. It usually includes: A private jet wing, a blurry photo of a high-end meal (Carbone/Nobu), a stack of cash, and a ""candid"" shot of a beautiful woman.",,
"""Motion""","A catch-all term for having things happening. ""Having motion"" means your Instagram shows you are busy, traveling, and making money. If your page is ""dry,"" you have ""no motion.",,
"""The Location Tag","Using ""hidden"" or ""exclusive"" location tags (like Caniouan, Saint-Tropez, or Private Residence) to show you are in places the average person (the ""civilians"") cannot access.",,
"The Mechanics of ""The DM"" (Digital Courtship)","The ""Direct Message"" is the frontline of the modern male-female dynamic in rap. It is where ""Tricking"" begins.",,
"Restricted List"" / ""Close Friends""","A sub-theme of Paranoia. Rappers will post their ""real"" life (the ""illegal"" or ""toxic"" stuff) only to their Close Friends list to avoid ""The Feds"" or ""Leakers.""",,
"""Slide"":","The act of entering a woman’s DMs. Rappers often brag about ""sliding"" on a woman who is already in a relationship with a ""regular guy"" to prove their superior status.",,
"""Blue Check Validation"":","The idea that the ""Blue Check"" acts as a skeleton key. Rappers will rap about how they don't even have to speak; they just ""heart"" a photo and the woman knows to ""pack a bag.""",,
"""Face Card"":","A woman’s beauty as a form of currency. If her ""face card never declines,"" it means she can get into any club, any jet, or any VIP section for free because of her looks.",,
"""The Jet Setter""","A theme where women are idolized for being ""world-travelers."" However, the subtext (The ""Ada"") is often: Who paid for the flight? Rappers will ""expose"" women by claiming they paid for their ""Dubai trip"" or ""Cabo trip.""",,
"""Influencer vs. Vixen","The subtle hierarchy. A ""Vixen"" is old-school (music videos); an ""Influencer"" is modern (Instagram/TikTok). Rappers prefer the latter because she brings her own ""clout"" to the relationship.",,
,,,
"""Clout Chasing""",Betrayal / Status,Using a rapper’s name or image on Instagram to gain followers/fame.,
"""Booked and Busy""",Motion,"A woman or artist claiming they are constantly working to increase their ""market value.""",
"""Shadowbanned""",Surveillance,"Claiming the ""Algorithm"" (the digital Feds) is suppressing their content because they are ""too real.""",
"""Receipts""",Accountability,"Screenshots of DMs, bank transfers, or flights used as ""evidence"" in a public ""Gender War"" fallout.",
"""Stalking""",Paranoia,"Checking an ex’s or an ""Opp’s"" story from a ""Burner Account"" (fake profile).",
"""Captions""",Messaging,"Using song lyrics to send ""subliminal"" messages to enemies or lovers without naming them.",
"The ""Aesthetic"" Hierarchy (The Visual Ada)","There is an ongoing ""Agenda"" regarding how a rapper’s Instagram should look to signal different types of power:",,
"The ""Hustler"" Aesthetic","Low-quality photos, lots of cash, ""raw"" footage from the block. Signals Authenticity.",,
"The ""Old Money"" Aesthetic:","High-quality film photography, neutral colors, minimalist fashion (Loro Piana/Brunello Cucinelli). Signals Ascension (moving past the ""hood"").",,
"The ""Rockstar"" Aesthetic:","Flash photography, leather, messy rooms, ""toxic"" behavior. Signals Rebellion.",,
"The ""Girl Dad"" vs. ""Player"" Paradox","A fascinating theme in Instagram world-building is the shift between the ""Toxic Player"" and the ""Family Man.""","A rapper might post a photo ""tricking"" on three different women on Friday, but on Sunday, he posts a photo with his daughter (the ""Girl Dad"" theme).",
"The ""Section"" (The Throne Room)","you don't just ""go to the club."" You ""buy a section."" The section is a cordoned-off VIP area that serves as a temporary kingdom.",,
"The Front Row"":","The most expensive table, usually right next to the DJ or the dance floor. This signals you are the ""Top Don"" of the night.",,
"""The Wall""","Rappers often rap about ""standing on the couches"" with their backs against the wall. This is a Paranoia motif—you never want your back to the room so you can see the ""Ops"" or ""12"" coming.",,
"""The Rope"":","The physical velvet rope. Rappers discuss who they ""let behind the rope"" and who they leave outside, using it as a metaphor for social gatekeeping.",,
"The ""Bottle Girl"" Economy (The Gatekeepers)","Bottle girls are a central archetype in modern rap. They are often the ""muses"" for rappers and the primary targets for ""tricking.""",,
"The Parade""","When a rapper buys 20+ bottles of Ace of Spades or Don Julio 1942, the girls bring them out with sparklers and signs. This is the ultimate ""Visual Ada"" (Agenda)—it forces everyone in the club to look at who is spending the most.",,
"The Tab""","Bragging about a $50,000 or $100,000 ""tab"" (receipt) is a core theme. It’s not about the alcohol; it’s about the ability to ""burn"" that much money in four hours.",,
"""The Tip""","A rapper ""tricking"" on a bottle girl by leaving a massive tip ($5k–$10k) is a way to establish dominance over the club's ""infrastructure.""",,
,,,
The Promoter,"To bring the ""Baddies"" to the section.",The middleman who bridges the gap between the Rapper and the Instagram Models.,
The Security,"To maintain the ""Private Perimeter.""","Usually mentioned as ""The Muscle"" or ""The Enforcers"" who keep the ""Ops"" away.",
"The ""Vultures""",People trying to get into the section for free drinks/clout.,"Rappers rap about ""fanning off"" the vultures and keeping the circle tight.",
"The ""Walk-In""",Entering the club with a 30-person entourage.,"Demonstrates ""Army"" strength and financial backing (paying for everyone's entry).",
"The ""Bottle War"" Narrative",This is a specific sub-theme where two rival groups or rappers try to out-spend each other in the same club.,,
"Sending a Bottle""","A psychological move. A rapper might send a single bottle of cheap champagne to a rival’s table as an insult (implying they look thirsty), or send an expensive one as a ""peace offering"" or a show of superior wealth.",,
"""Closing the Club""","Being the last person in the section when the lights come on. It’s a sign of stamina and having ""limitless"" funds.",,
Nightlife Jargon & Instagram Synergy,"The club is where ""Content"" for Instagram is manufactured.",,
"The Recap"":","A high-definition video posted the next day showing the rapper in the club. It usually features ""slow-motion"" shots of jewelry and ""Baddies"" laughing.",,
"""Shadow Boxing"":","Rappers often rap about ""shadow boxing"" in the section—literally punching the air while holding a bottle. It represents their readiness for a fight, even while celebrating.",,
"""Section Rules""","""No phones"" (to prevent ""leaks"" or ""paranoia""), ""No sitting"" (energy must stay high), and ""Ladies only"" (no random men allowed in the rapper's space).",,
"The ""After-Party"" (The Transition)",The world-building doesn't end when the club closes at 4:00 AM.,,
"""The Sprinter""","The Mercedes Sprinter van is the ""limo"" of modern rap. It’s where the ""Roster"" of women from the club is moved to the ""Safe House"" or the ""Penthouse.""",,
"""The Waffle House / Diner"":","A recurring theme of ""rich but still hood."" Even after spending $20k in the club, the rapper goes to a 24-hour diner, bringing the ""Baddies"" into a ""civilian"" environment.",,
The 4:00 AM transition i,"is the most vulnerable and revealing part of the rap ""world-building"" narrative. It is the bridge between the public performance of the club and the private reality of the ""fortress."" In this space, the ""Alpha"" persona either intensifies or cracks under the pressure of Paranoia and Exhaustion.",,
,,,
"""The Headcount""",Checking who is in the van.,"Ensuring only ""vetted"" women and loyal ""soldiers"" are present.",
"""Collect the Phones""",Forcing guests to put phones in a bag.,"Anti-Surveillance: Preventing ""leaks,"" ""secret recordings,"" or ""location drops.""",
"""Face ID""",Looking at a girl's IG one last time.,"Ensuring her ""Market Value"" and ""Vibe"" match the after-party energy.",
"""The Tail""","Checking if any ""Opps"" or ""Feds"" are following.",Highlighting the Paranoia that follows the rapper out of the club.,
The Destination Archetypes,"The after-party doesn't always happen at the rapper's main home. Depending on the level of ""danger"" or ""secrecy,"" the destination changes.",,
,,,
"The ""Safe House""",Security / Low Profile,"Bare furniture, high-end security systems, tucked away in a ""regular"" neighborhood.",
"The ""Airbnb""",Disposability / No Traces,A rental used specifically for the night to keep the rapper’s real address a secret.,
"The ""Penthouse""",Luxury / Conquest,"Floor-to-ceiling glass, 360-degree city views. Used to ""wow"" the women and prove total dominance.",
"The ""Studio""","Work Ethic / ""The Grind""","Turning the party into a recording session. Shows the rapper ""never sleeps"" and prioritizes the music.",
"The Female Dynamic: ""The Selection"" vs. ""The Cut""","At 4:00 AM, the ""Gender War"" becomes a game of musical chairs. Not every woman from the club makes it to the final destination.",,
"""The Cut"":","The moment at the curb where the promoter tells certain girls, ""There’s no more room in the van."" This creates a hierarchy of ""Tier 1 Baddies.""",,
"""The Plus One"":","A rapper might want one girl, but she refuses to go without her friend. The rapper must decide if ""sponsoring"" the friend is worth the ""access"" to the target.",,
"""The Breakfast Run""","As we discussed, moving the 4:00 AM group to a 24-hour spot (Waffle House, IHOP). This is a ""Humility Flex""—showing that despite the millions, they are still ""connected to the streets.""",,
Substance & Psychological Themes,"The 4:00 AM era is where the ""Vice"" themes often turn darker or more reflective.",,
,,,
Escapism,"""Codeine Crazy,"" ""Xanny Bar,"" ""Perky.""","Moving from ""Partying"" to ""Numbing."" Dealing with the comedown of fame.",
Pillow Talk,"""Don't tell,"" ""Loose lips,"" ""Confessions.""",The danger of a rapper saying too much to a woman he just met while under the influence.,
Sunlight Fear,"""Vampires,"" ""The Sun coming up,"" ""Closing the blinds.""","The anxiety of the ""party"" ending and reality (legal issues, bills, stress) setting in.",
"The ""Cleanup""","""Delete the footage,"" ""Send the Ubers.""","The cold, transactional end of the night where everyone is sent home.",
"""Tricking"" at 4:00 AM: The Final Transaction","This is where the ""Tricking"" we discussed earlier becomes literal.",,
"The CashApp at Sunrise""","A rapper sending a ""thank you"" or ""get home safe"" payment to a woman. It’s a way to maintain his reputation as a ""Provider"" or ""Sponsor.""",,
"""The Uber Black""","Sending the woman home in a luxury vehicle rather than a standard one. It’s the final ""Status"" mark of the night.",,
"""The Gift""","In high-level ""Mogul"" world-building, a woman might leave the after-party with a piece of jewelry or a designer bag as a ""parting gift.""",,
"The ""Morning After"" Agenda (The Ada)","There is a recurring ""conscious"" theme about the ""4:00 AM Regret."" This is the moment where the rapper looks at the mess, the strangers in his house, and the money spent, wondering if it was all ""for the 'Gram"" or if it was real.",,
"""The Empty Feeling"":","Realizing the ""clout"" is temporary",,
"""The Reset"":",Waking up at 2:00 PM to start the whole cycle over again for the next club night.,,
"The ""Clean Up"" & Damage Control","The first few hours of the afternoon are dedicated to erasing the ""traces"" of the 4:00 AM life to protect the ""Brand"" and ""Legal Standing.""",,
,,,
NDAs & Privacy,"""Signing the papers,"" ""NDA on the counter.""","Ensuring no one leaks ""behind-the-scenes"" footage to blogs like The Shade Room.",
Digital Scrubbing,"""Check the tags,"" ""Delete that story.""","Removing evidence of being in specific places or with specific people (avoiding ""Opps"" or ""The Feds"").",
Physical Maintenance,"""The Maid Service,"" ""The Detailer.""","Erasing the evidence of the party from the ""Safe House"" or the ""Sprinter.""",
"The ""Ghost""","""Going Ghost,"" ""Airplane Mode.""","Cutting off all communication to recover and avoid ""Clout Chasers"" asking for money.",
"The Professional Inner Circle (The ""War Room"")",,,
"The ""Jeweler"" (The Appraisal)","Calls to the jeweler to fix a ""bust down"" watch or order a new ""piece."" The jeweler is often a therapist-figure who knows the rapper’s financial secrets.",,
"The ""Fixer"" (The Lawyer):","Not just for criminal cases, but for ""Civil"" issues—handling ""accidents,"" noise complaints from the Airbnb, or ""hush money"" (legal settlements).",,
"The ""Money Manager"" / ""Accountant"":","The person who gives the rapper a ""reality check."" Lyrics often feature the rapper arguing with their accountant about ""overspending"" versus ""investing.""",,
"The ""A&R"" / ""Manager"":","Looking at the ""stats"" from the night. Did the ""recap"" video go viral? Is the song ""charting""?",,
"The ""Recovery"" Theme (Health & Wellness)","A growing theme in modern ""High Value"" rap is the obsession with staying ""fit for the fight."" This is the Wellness Agenda.",,
"""IV Drips""","Rappers getting vitamin IV drips to recover from the alcohol and ""Wockhardt"" (Lean) consumption.",,
"""The Chef"":","Moving from 4:00 AM Waffle House to a private chef preparing ""Sea Moss,"" ""Pressed Juices,"" and ""Alkaline Water.""",,
"""The Trainer"":","Boxing or weightlifting in the afternoon. This signals ""Discipline"" and the ability to out-work the competition.",,
,,,
"""Wire Transfer""",Wealth / Power,"The sound of a ""ping"" on the phone signaling a new deal or a ""cleared"" payment.",
"""Equity""",Legacy,"Owning a percentage of the liquor brand, the weed brand, or the clothing line.",
"""The Advance""",Debt / Trap,"Taking money from the label; often framed as ""selling your future"" if you aren't smart.",
"""Quarterly Reports""",Maturity,"Checking the streaming numbers and ""royalties.""",
"""Tax Write-off""",Strategy,"Framing the cars, the jewelry, and the ""After-Party"" as ""business expenses"" for the ""Brand.""",
"The ""Business vs. Street"" Conflict",A major world-building theme is the Identity Crisis that happens during the day.,,
The Phone Call:,"The rapper has to switch from talking ""Street"" to his ""Day Ones"" to talking ""Corporate"" to a CEO or a Lawyer.",,
"""The Taxman"":","Paranoia shifts from ""The Feds"" (criminal) to ""The IRS"" (financial). Lyrics about ""offshore accounts"" or ""stashing cash in the walls"" to avoid being ""audited.""",,
"6. The ""Sponsorship"" Re-Up (Instagram Maintenance)","In the afternoon, the rapper coordinates with the women from the night before to ensure the ""Brand Narrative"" is consistent.",,
"""Tag Me"":","Telling the woman to tag the rapper in her ""thank you"" post to keep the ""Mogul"" image alive.",,
"""The Direct Deposit"":","The ""Tricking"" continues in the form of ""Sponsorship""—paying for the woman's ""Maintenance"" (Hair, Nails, Gym) to keep her looking like a ""Trophy"" for the next event.",,